Cao tốc TP. Hồ Chí Minh - Long Thành - Dầu Giây,253348400,380
Cao tốc TP. Hồ Chí Minh - Long Thành - Dầu Giây,258796357,380
Cao tốc TP. Hồ Chí Minh - Long Thành - Dầu Giây,294021800,380
Cao tốc TP. Hồ Chí Minh - Long Thành - Dầu Giây,294021801,380
Cao tốc TP. Hồ Chí Minh - Long Thành - Dầu Giây,294021802,380
Cao tốc TP. Hồ Chí Minh - Long Thành - Dầu Giây,294021803,380
Cao tốc TP. Hồ Chí Minh - Long Thành - Dầu Giây,294021804,380
Cao tốc TP. Hồ Chí Minh - Long Thành - Dầu Giây,294021805,380
Cao tốc TP. Hồ Chí Minh - Long Thành - Dầu Giây,294036489,380
Cao tốc TP. Hồ Chí Minh - Long Thành - Dầu Giây,294559443,380
Cao tốc TP. Hồ Chí Minh - Long Thành - Dầu Giây,299683605,380
Cao tốc TP. Hồ Chí Minh - Long Thành - Dầu Giây,311687973,380
Cao tốc TP. Hồ Chí Minh - Long Thành - Dầu Giây,311688116,380
Cao tốc TP. Hồ Chí Minh - Long Thành - Dầu Giây,311688117,380
Cao tốc TP. Hồ Chí Minh - Long Thành - Dầu Giây,317153849,380
Cao tốc TP. Hồ Chí Minh - Long Thành - Dầu Giây,318079823,380
Cao tốc TP. Hồ Chí Minh - Long Thành - Dầu Giây,318212123,380
Cao tốc TP. Hồ Chí Minh - Long Thành - Dầu Giây,320897720,380
Cao tốc TP. Hồ Chí Minh - Long Thành - Dầu Giây,320897720,380
Cao tốc TP. Hồ Chí Minh - Long Thành - Dầu Giây,333220664,380
Cao tốc TP. Hồ Chí Minh - Long Thành - Dầu Giây,339313797,380
Cao tốc TP. Hồ Chí Minh - Long Thành - Dầu Giây,339315416,380
Cao tốc TP. Hồ Chí Minh - Long Thành - Dầu Giây,339360064,380
Cao tốc TP. Hồ Chí Minh - Long Thành - Dầu Giây,339360614,380
Cao tốc TP. Hồ Chí Minh - Long Thành - Dầu Giây,475263802,380
Cao tốc TP. Hồ Chí Minh - Long Thành - Dầu Giây,475263804,380
Cao tốc TP. Hồ Chí Minh - Long Thành - Dầu Giây,475263805,380
Cao tốc TP. Hồ Chí Minh - Long Thành - Dầu Giây,475263808,380
Cao tốc TP. Hồ Chí Minh - Long Thành - Dầu Giây,475263809,380
Cao tốc TP. Hồ Chí Minh - Long Thành - Dầu Giây,475263810,380
Cao tốc TP. Hồ Chí Minh - Long Thành - Dầu Giây,475263814,380
Cao tốc TP. Hồ Chí Minh - Long Thành - Dầu Giây,475263816,380
Cao tốc TP. Hồ Chí Minh - Long Thành - Dầu Giây,563812023,380
Cao tốc TP. Hồ Chí Minh - Long Thành - Dầu Giây,585972048,380
Cao tốc TP. Hồ Chí Minh - Long Thành - Dầu Giây,585972049,380
Cao tốc TP. Hồ Chí Minh - Long Thành - Dầu Giây,585972050,380
Cao tốc TP. Hồ Chí Minh - Long Thành - Dầu Giây,585972051,380
Cao tốc TP. Hồ Chí Minh - Long Thành - Dầu Giây,585972078,380
Cao tốc TP. Hồ Chí Minh - Long Thành - Dầu Giây,585972079,380
Cao tốc TP. Hồ Chí Minh - Long Thành - Dầu Giây,585972080,380
Cao tốc TP. Hồ Chí Minh - Long Thành - Dầu Giây,585972081,380
Cao tốc TP. Hồ Chí Minh - Long Thành - Dầu Giây,585972089,380
Cao tốc TP. Hồ Chí Minh - Long Thành - Dầu Giây,585972090,380
Cao tốc TP. Hồ Chí Minh - Long Thành - Dầu Giây,585972091,380
Cao tốc TP. Hồ Chí Minh - Long Thành - Dầu Giây,585972092,380
Cao tốc TP. Hồ Chí Minh - Long Thành - Dầu Giây,585972126,380
Cao tốc TP. Hồ Chí Minh - Long Thành - Dầu Giây,585972127,380
Cao tốc TP. Hồ Chí Minh - Long Thành - Dầu Giây,585972128,380
Cao tốc TP. Hồ Chí Minh - Long Thành - Dầu Giây,585972129,380
Cao tốc TP. Hồ Chí Minh - Long Thành - Dầu Giây,586800821,380
Cao tốc TP. Hồ Chí Minh - Long Thành - Dầu Giây,586800822,380
Cao tốc TP. Hồ Chí Minh - Long Thành - Dầu Giây,586800823,380
Cao tốc TP. Hồ Chí Minh - Long Thành - Dầu Giây,586800824,380
Cao tốc TP. Hồ Chí Minh - Long Thành - Dầu Giây,587670013,380
Cao tốc TP. Hồ Chí Minh - Long Thành - Dầu Giây,613732349,380
Cao tốc TP. Hồ Chí Minh - Long Thành - Dầu Giây,613732350,380
Cao tốc TP. Hồ Chí Minh - Long Thành - Dầu Giây,613732351,380
Cao tốc TP. Hồ Chí Minh - Long Thành - Dầu Giây,613732352,380
Cao tốc TP. Hồ Chí Minh - Long Thành - Dầu Giây,631423242,380
Cao tốc TP. Hồ Chí Minh - Long Thành - Dầu Giây,631423243,380
Cao tốc TP. Hồ Chí Minh - Long Thành - Dầu Giây,631423248,380
Cao tốc TP. Hồ Chí Minh - Long Thành - Dầu Giây,631423249,380
Cao tốc TP. Hồ Chí Minh - Long Thành - Dầu Giây,631423406,380
Cao tốc TP. Hồ Chí Minh - Long Thành - Dầu Giây,649425458,380
Cao tốc TP. Hồ Chí Minh - Long Thành - Dầu Giây,649425706,380
Cao tốc TP. Hồ Chí Minh - Long Thành - Dầu Giây,649425818,380
Cao tốc TP. Hồ Chí Minh - Long Thành - Dầu Giây,676231058,380
Cao tốc TP. Hồ Chí Minh - Long Thành - Dầu Giây,676231061,380
Cao tốc TP. Hồ Chí Minh - Long Thành - Dầu Giây,676231322,380
Cao tốc TP. Hồ Chí Minh - Long Thành - Dầu Giây,718135354,380
Cao tốc TP. Hồ Chí Minh - Long Thành - Dầu Giây,718135355,380
Cao tốc TP. Hồ Chí Minh - Long Thành - Dầu Giây,718135356,380
Cao tốc TP. Hồ Chí Minh - Long Thành - Dầu Giây,718135357,380
Cao tốc TP. Hồ Chí Minh - Long Thành - Dầu Giây,719052514,380
Cao tốc TP. Hồ Chí Minh - Long Thành - Dầu Giây,719963155,380
Cao tốc TP. Hồ Chí Minh - Long Thành - Dầu Giây,719963163,380
Cao tốc TP. Hồ Chí Minh - Long Thành - Dầu Giây,719963164,380
Cao tốc TP. Hồ Chí Minh - Long Thành - Dầu Giây,722328862,380
Cao tốc TP. Hồ Chí Minh - Long Thành - Dầu Giây,723514442,380
Cao tốc TP. Hồ Chí Minh - Long Thành - Dầu Giây,726935959,380
Cao tốc TP. Hồ Chí Minh - Long Thành - Dầu Giây,726935960,380
Cao tốc TP. Hồ Chí Minh - Long Thành - Dầu Giây,726935961,380
Cao tốc TP. Hồ Chí Minh - Long Thành - Dầu Giây,726935962,380
Cao tốc TP. Hồ Chí Minh - Long Thành - Dầu Giây,726935980,380
Cao tốc TP. Hồ Chí Minh - Long Thành - Dầu Giây,726935981,380
Cao tốc TP. Hồ Chí Minh - Long Thành - Dầu Giây,726935982,380
Cao tốc TP. Hồ Chí Minh - Long Thành - Dầu Giây,726935983,380
Cao tốc TP. Hồ Chí Minh - Long Thành - Dầu Giây,726936018,380
Cao tốc TP. Hồ Chí Minh - Long Thành - Dầu Giây,726936019,380
Cao tốc TP. Hồ Chí Minh - Long Thành - Dầu Giây,726936020,380
Cao tốc TP. Hồ Chí Minh - Long Thành - Dầu Giây,726936020,380
Cao tốc TP. Hồ Chí Minh - Long Thành - Dầu Giây,726936021,380
Cao tốc TP. Hồ Chí Minh - Long Thành - Dầu Giây,733237054,380
Cao tốc TP. Hồ Chí Minh - Long Thành - Dầu Giây,733237055,380
Cao tốc TP. Hồ Chí Minh - Long Thành - Dầu Giây,733237056,380
Cao tốc TP. Hồ Chí Minh - Long Thành - Dầu Giây,733237057,380
Đà Nẵng - Quảng Ngãi,583346200,380
Đà Nẵng - Quảng Ngãi,583346205,380
Đà Nẵng - Quảng Ngãi,583346221,380
Đà Nẵng - Quảng Ngãi,583346232,380
Đà Nẵng - Quảng Ngãi,583346236,380
Đà Nẵng - Quảng Ngãi,583346239,380
Đà Nẵng - Quảng Ngãi,583346244,380
Đà Nẵng - Quảng Ngãi,583346247,380
Đà Nẵng - Quảng Ngãi,583346253,380
Đà Nẵng - Quảng Ngãi,583346257,380
Đà Nẵng - Quảng Ngãi,583346262,380
Đà Nẵng - Quảng Ngãi,583346268,380
Đà Nẵng - Quảng Ngãi,583346273,380
Đà Nẵng - Quảng Ngãi,583346279,380
Đà Nẵng - Quảng Ngãi,583346284,380
Đà Nẵng - Quảng Ngãi,583346290,380
Đà Nẵng - Quảng Ngãi,583346295,380
Đà Nẵng - Quảng Ngãi,583346300,380
Đà Nẵng - Quảng Ngãi,583346305,380
Đà Nẵng - Quảng Ngãi,583346310,380
Đà Nẵng - Quảng Ngãi,583346359,380
Đà Nẵng - Quảng Ngãi,583346365,380
Đà Nẵng - Quảng Ngãi,583346371,380
Đà Nẵng - Quảng Ngãi,583346377,380
Đà Nẵng - Quảng Ngãi,583346381,380
Đà Nẵng - Quảng Ngãi,583346384,380
Đà Nẵng - Quảng Ngãi,583346390,380
Đà Nẵng - Quảng Ngãi,583346396,380
Đà Nẵng - Quảng Ngãi,583346402,380
Đà Nẵng - Quảng Ngãi,583346410,380
Đà Nẵng - Quảng Ngãi,583346414,380
Đà Nẵng - Quảng Ngãi,583346419,380
Đà Nẵng - Quảng Ngãi,583346440,380
Đà Nẵng - Quảng Ngãi,583346447,380
Đà Nẵng - Quảng Ngãi,583346453,380
Đà Nẵng - Quảng Ngãi,583346461,380
Đà Nẵng - Quảng Ngãi,583346468,380
Đà Nẵng - Quảng Ngãi,583346475,380
Đà Nẵng - Quảng Ngãi,583346482,380
Đà Nẵng - Quảng Ngãi,583346489,380
Đà Nẵng - Quảng Ngãi,583348159,380
Đà Nẵng - Quảng Ngãi,583354071,380
Đà Nẵng - Quảng Ngãi,583354074,380
Đà Nẵng - Quảng Ngãi,583354078,380
Đà Nẵng - Quảng Ngãi,583354079,380
Đà Nẵng - Quảng Ngãi,583354083,380
Đà Nẵng - Quảng Ngãi,583354084,380
Đà Nẵng - Quảng Ngãi,583354098,380
Đà Nẵng - Quảng Ngãi,583490547,380
Đà Nẵng - Quảng Ngãi,583490550,380
Đà Nẵng - Quảng Ngãi,583490553,380
Đà Nẵng - Quảng Ngãi,586350750,380
Đà Nẵng - Quảng Ngãi,587166516,380
Đà Nẵng - Quảng Ngãi,587166517,380
Đà Nẵng - Quảng Ngãi,592145865,380
Đà Nẵng - Quảng Ngãi,592145866,380
Đà Nẵng - Quảng Ngãi,666064723,380
Đà Nẵng - Quảng Ngãi,666064725,380
Đà Nẵng - Quảng Ngãi,666064730,380
Đà Nẵng - Quảng Ngãi,714402595,380
Đà Nẵng - Quảng Ngãi,714402596,380
Đà Nẵng - Quảng Ngãi,714402597,380
Đà Nẵng - Quảng Ngãi,714402599,380
Đà Nẵng - Quảng Ngãi,714402600,380
Đà Nẵng - Quảng Ngãi,714402601,380
Đà Nẵng - Quảng Ngãi,714402602,380
Đà Nẵng - Quảng Ngãi,714405854,380
Đà Nẵng - Quảng Ngãi,714405855,380
Đà Nẵng - Quảng Ngãi,714405856,380
Đà Nẵng - Quảng Ngãi,714693575,380
Đà Nẵng - Quảng Ngãi,714693576,380
Đà Nẵng - Quảng Ngãi,714693579,380
Đà Nẵng - Quảng Ngãi,714693580,380
Đà Nẵng - Quảng Ngãi,766693126,380
Đà Nẵng - Quảng Ngãi,766693127,380
Đà Nẵng - Quảng Ngãi,766693128,380
Đà Nẵng - Quảng Ngãi,766693129,380
Đường cao tốc Cầu Giễ - Ninh Bình,183092178,175
Đường cao tốc Cầu Giễ - Ninh Bình,183092179,175
Đường cao tốc Cầu Giễ - Ninh Bình,213289195,175
Đường cao tốc Cầu Giễ - Ninh Bình,213289197,175
Đường cao tốc Cầu Giễ - Ninh Bình,213289199,175
Đường cao tốc Cầu Giễ - Ninh Bình,213289201,175
Đường cao tốc Cầu Giễ - Ninh Bình,213289840,175
Đường cao tốc Cầu Giễ - Ninh Bình,213289842,175
Đường cao tốc Cầu Giễ - Ninh Bình,213289843,175
Đường cao tốc Cầu Giễ - Ninh Bình,213289844,175
Đường cao tốc Cầu Giễ - Ninh Bình,213290159,175
Đường cao tốc Cầu Giễ - Ninh Bình,213290160,175
Đường cao tốc Cầu Giễ - Ninh Bình,213290161,175
Đường cao tốc Cầu Giễ - Ninh Bình,213290162,175
Đường cao tốc Cầu Giễ - Ninh Bình,213295863,175
Đường cao tốc Cầu Giễ - Ninh Bình,213295863,175
Đường cao tốc Cầu Giễ - Ninh Bình,213295864,175
Đường cao tốc Cầu Giễ - Ninh Bình,213295864,175
Đường cao tốc Cầu Giễ - Ninh Bình,213295867,175
Đường cao tốc Cầu Giễ - Ninh Bình,213295868,175
Đường cao tốc Cầu Giễ - Ninh Bình,213300993,175
Đường cao tốc Cầu Giễ - Ninh Bình,213300995,175
Đường cao tốc Cầu Giễ - Ninh Bình,213300999,175
Đường cao tốc Cầu Giễ - Ninh Bình,213301001,175
Đường cao tốc Cầu Giễ - Ninh Bình,251048145,175
Đường cao tốc Cầu Giễ - Ninh Bình,251048146,175
Đường cao tốc Cầu Giễ - Ninh Bình,251048147,175
Đường cao tốc Cầu Giễ - Ninh Bình,251048148,175
Đường cao tốc Cầu Giễ - Ninh Bình,251048939,175
Đường cao tốc Cầu Giễ - Ninh Bình,251048939,175
Đường cao tốc Cầu Giễ - Ninh Bình,251048940,175
Đường cao tốc Cầu Giễ - Ninh Bình,251052566,175
Đường cao tốc Cầu Giễ - Ninh Bình,251052569,175
Đường cao tốc Cầu Giễ - Ninh Bình,251052570,175
Đường cao tốc Cầu Giễ - Ninh Bình,251052571,175
Đường cao tốc Cầu Giễ - Ninh Bình,251790791,175
Đường cao tốc Cầu Giễ - Ninh Bình,251790792,175
Đường cao tốc Cầu Giễ - Ninh Bình,390343131,175
Đường cao tốc Cầu Giễ - Ninh Bình,469660035,175
Đường cao tốc Cầu Giễ - Ninh Bình,474768318,175
Đường cao tốc Cầu Giễ - Ninh Bình,474768322,175
Đường cao tốc Cầu Giễ - Ninh Bình,474768322,175
Đường cao tốc Hà Nội - Bắc Giang,28379270,200
Đường cao tốc Hà Nội - Bắc Giang,28379289,200
Đường cao tốc Hà Nội - Bắc Giang,28379290,200
Đường cao tốc Hà Nội - Bắc Giang,28379346,200
Đường cao tốc Hà Nội - Bắc Giang,28379346,200
Đường cao tốc Hà Nội - Bắc Giang,28379346,200
Đường cao tốc Hà Nội - Bắc Giang,28379483,200
Đường cao tốc Hà Nội - Bắc Giang,28379484,200
Đường cao tốc Hà Nội - Bắc Giang,37606174,200
Đường cao tốc Hà Nội - Bắc Giang,37606175,200
Đường cao tốc Hà Nội - Bắc Giang,62343779,200
Đường cao tốc Hà Nội - Bắc Giang,62343779,200
Đường cao tốc Hà Nội - Bắc Giang,85620768,200
Đường cao tốc Hà Nội - Bắc Giang,180131818,200
Đường cao tốc Hà Nội - Bắc Giang,180131819,200
Đường cao tốc Hà Nội - Bắc Giang,336485920,200
Đường cao tốc Hà Nội - Bắc Giang,336489148,200
Đường cao tốc Hà Nội - Bắc Giang,449458321,200
Đường cao tốc Hà Nội - Bắc Giang,449458322,200
Đường cao tốc Hà Nội - Bắc Giang,449458323,200
Đường cao tốc Hà Nội - Bắc Giang,449458324,200
Đường cao tốc Hà Nội - Hải Phòng,368906624,760
Đường cao tốc Hà Nội - Hải Phòng,368906624,760
Đường cao tốc Hà Nội - Hải Phòng,384313744,760
Đường cao tốc Hà Nội - Hải Phòng,384313746,760
Đường cao tốc Hà Nội - Hải Phòng,384313747,760
Đường cao tốc Hà Nội - Hải Phòng,384313748,760
Đường cao tốc Hà Nội - Hải Phòng,384534301,760
Đường cao tốc Hà Nội - Hải Phòng,384534302,760
Đường cao tốc Hà Nội - Hải Phòng,384534303,760
Đường cao tốc Hà Nội - Hải Phòng,384534305,760
Đường cao tốc Hà Nội - Hải Phòng,384534306,760
Đường cao tốc Hà Nội - Hải Phòng,384534307,760
Đường cao tốc Hà Nội - Hải Phòng,384534308,760
Đường cao tốc Hà Nội - Hải Phòng,384534309,760
Đường cao tốc Hà Nội - Hải Phòng,384534310,760
Đường cao tốc Hà Nội - Hải Phòng,384534362,760
Đường cao tốc Hà Nội - Hải Phòng,384534364,760
Đường cao tốc Hà Nội - Hải Phòng,395876346,760
Đường cao tốc Hà Nội - Hải Phòng,395934800,760
Đường cao tốc Hà Nội - Hải Phòng,395934801,760
Đường cao tốc Hà Nội - Hải Phòng,395936790,760
Đường cao tốc Hà Nội - Hải Phòng,395936796,760
Đường cao tốc Hà Nội - Hải Phòng,395936811,760
Đường cao tốc Hà Nội - Hải Phòng,395936814,760
Đường cao tốc Hà Nội - Hải Phòng,395936819,760
Đường cao tốc Hà Nội - Hải Phòng,395938191,760
Đường cao tốc Hà Nội - Hải Phòng,395938193,760
Đường cao tốc Hà Nội - Hải Phòng,395938351,760
Đường cao tốc Hà Nội - Hải Phòng,395938352,760
Đường cao tốc Hà Nội - Hải Phòng,395938353,760
Đường cao tốc Hà Nội - Hải Phòng,395938354,760
Đường cao tốc Hà Nội - Hải Phòng,395938938,760
Đường cao tốc Hà Nội - Hải Phòng,395938939,760
Đường cao tốc Hà Nội - Hải Phòng,395939758,760
Đường cao tốc Hà Nội - Hải Phòng,395939978,760
Đường cao tốc Hà Nội - Hải Phòng,395939980,760
Đường cao tốc Hà Nội - Hải Phòng,395944633,760
Đường cao tốc Hà Nội - Hải Phòng,395945230,760
Đường cao tốc Hà Nội - Hải Phòng,395945518,760
Đường cao tốc Hà Nội - Hải Phòng,395945519,760
Đường cao tốc Hà Nội - Hải Phòng,395947074,760
Đường cao tốc Hà Nội - Hải Phòng,395947076,760
Đường cao tốc Hà Nội - Hải Phòng,395947077,760
Đường cao tốc Hà Nội - Hải Phòng,395948273,760
Đường cao tốc Hà Nội - Hải Phòng,395948275,760
Đường cao tốc Hà Nội - Hải Phòng,397140277,760
Đường cao tốc Hà Nội - Hải Phòng,397140278,760
Đường cao tốc Hà Nội - Hải Phòng,397140279,760
Đường cao tốc Hà Nội - Hải Phòng,397140280,760
Đường cao tốc Hà Nội - Hải Phòng,397140281,760
Đường cao tốc Hà Nội - Hải Phòng,397140284,760
Đường cao tốc Hà Nội - Hải Phòng,397140499,760
Đường cao tốc Hà Nội - Hải Phòng,397140500,760
Đường cao tốc Hà Nội - Hải Phòng,397140501,760
Đường cao tốc Hà Nội - Hải Phòng,474772934,760
Đường cao tốc Hà Nội - Hải Phòng,601587061,760
Đường cao tốc Hà Nội - Hải Phòng,601587062,760
Đường cao tốc Hà Nội - Hải Phòng,601587063,760
Đường cao tốc Hà Nội - Hải Phòng,601587064,760
Đường cao tốc Hà Nội - Hải Phòng,601956114,760
Đường cao tốc Hà Nội - Hải Phòng,601956115,760
Đường cao tốc Hà Nội - Hải Phòng,601956116,760
Đường cao tốc Hà Nội - Hải Phòng,601956117,760
Đường cao tốc Hà Nội - Hải Phòng,602320195,760
Đường cao tốc Hà Nội - Hải Phòng,602320196,760
Đường cao tốc Hà Nội - Hải Phòng,602320197,760
Đường cao tốc Hà Nội - Hải Phòng,602444701,760
Đường cao tốc Hà Nội - Hải Phòng,602444702,760
Đường cao tốc Hà Nội - Hải Phòng,602444703,760
Đường cao tốc Hà Nội - Hải Phòng,602444704,760
Đường cao tốc Hà Nội - Hải Phòng,681802398,760
Đường cao tốc Hà Nội - Hải Phòng,681802399,760
Đường cao tốc Hà Nội - Hải Phòng,681802400,760
Đường cao tốc Hà Nội - Hải Phòng,681802401,760
Đường cao tốc Hà Nội - Hải Phòng,681802402,760
Đường cao tốc Hà Nội - Hải Phòng,681802404,760
Đường cao tốc Hà Nội - Hải Phòng,681802405,760
Đường cao tốc Hà Nội - Hải Phòng,681802406,760
Đường cao tốc Hà Nội - Hải Phòng,681802407,760
Đường cao tốc Hà Nội - Hải Phòng,681802408,760
Đường cao tốc Hà Nội - Hải Phòng,681802411,760
Đường cao tốc Hà Nội - Hải Phòng,681802412,760
Đường cao tốc Hà Nội - Hải Phòng,681802414,760
Đường cao tốc Hà Nội - Hải Phòng,681802415,760
Đường cao tốc Hà Nội - Hải Phòng,729955954,760
Đường cao tốc Hà Nội - Hải Phòng,743223160,760
Đường cao tốc Hà Nội - Hải Phòng,743223161,760
Đường cao tốc Hà Nội - Hải Phòng,743223162,760
Đường cao tốc Hà Nội - Hải Phòng,743223163,760
Đường cao tốc Hà Nội - Hải Phòng,743223163,760
Đường cao tốc Hà Nội - Hải Phòng,744272185,760
Đường cao tốc Hà Nội - Hải Phòng,744272186,760
Đường cao tốc Hà Nội - Hải Phòng,744272187,760
Đường cao tốc Hà Nội - Hải Phòng,744272188,760
Đường cao tốc Hà Nội - Hải Phòng,744275899,760
Đường cao tốc Hà Nội - Hải Phòng,744275900,760
Đường cao tốc Hà Nội - Hải Phòng,744275901,760
Đường cao tốc Hà Nội - Hải Phòng,744275902,760
Đường cao tốc Hà Nội - Hải Phòng,747517822,760
Đường cao tốc Hà Nội - Hải Phòng,747517823,760
Đường cao tốc Hà Nội - Hải Phòng,747517824,760
Đường cao tốc Hà Nội - Hải Phòng,747517825,760
Đường cao tốc Hà Nội - Hải Phòng,749336812,760
Đường cao tốc Hà Nội - Hải Phòng,749336813,760
Đường cao tốc Hà Nội - Hải Phòng,749336814,760
Đường cao tốc Hà Nội - Hải Phòng,749336815,760
Đường cao tốc Hà Nội - Hải Phòng,749960647,760
Đường cao tốc Hà Nội - Hải Phòng,749960648,760
Đường cao tốc Hà Nội - Hải Phòng,749960649,760
Đường cao tốc Hà Nội - Hải Phòng,749960650,760
Đường cao tốc Hà Nội - Hải Phòng,755907886,760
Đường cao tốc Hà Nội - Hải Phòng,755907887,760
Đường cao tốc Hà Nội - Hải Phòng,755907888,760
Đường cao tốc Hà Nội - Hải Phòng,755907889,760
Đường cao tốc Hà Nội - Hải Phòng,756213597,760
Đường cao tốc Hà Nội - Hải Phòng,756213598,760
Đường cao tốc Hà Nội - Hải Phòng,756213599,760
Đường cao tốc Hà Nội - Hải Phòng,756213600,760
Đường cao tốc Hà Nội - Hải Phòng,759522762,760
Đường cao tốc Hà Nội - Hải Phòng,759522763,760
Đường cao tốc Hà Nội - Hải Phòng,759522764,760
Đường cao tốc Hà Nội - Hải Phòng,759522765,760
Đường cao tốc Hà Nội - Hải Phòng,759595553,760
Đường cao tốc Hà Nội - Hải Phòng,759595554,760
Đường cao tốc Hà Nội - Hải Phòng,759595555,760
Đường cao tốc Hà Nội - Hải Phòng,759595556,760
Đường cao tốc Hà Nội - Hải Phòng,759614025,760
Đường cao tốc Hà Nội - Hải Phòng,759614026,760
Đường cao tốc Hà Nội - Hải Phòng,759614027,760
Đường cao tốc Hà Nội - Hải Phòng,759614028,760
Đường cao tốc Hà Nội - Hải Phòng,759635551,760
Đường cao tốc Hà Nội - Hải Phòng,759635552,760
Đường cao tốc Hà Nội - Hải Phòng,759635553,760
Đường cao tốc Hà Nội - Hải Phòng,759635554,760
Đường cao tốc Hà Nội - Hải Phòng,759635567,760
Đường cao tốc Hà Nội - Hải Phòng,759635568,760
Đường cao tốc Hà Nội - Hải Phòng,759635569,760
Đường cao tốc Hà Nội - Hải Phòng,759635570,760
Đường cao tốc Hà Nội - Hải Phòng,759638000,760
Đường cao tốc Hà Nội - Hải Phòng,759638001,760
Đường cao tốc Hà Nội - Hải Phòng,759638002,760
Đường cao tốc Hà Nội - Hải Phòng,759638003,760
Đường cao tốc Hà Nội - Hải Phòng,759638008,760
Đường cao tốc Hà Nội - Hải Phòng,759638009,760
Đường cao tốc Hà Nội - Hải Phòng,759638010,760
Đường cao tốc Hà Nội - Hải Phòng,759638011,760
Đường cao tốc Hà Nội - Hải Phòng,759638016,760
Đường cao tốc Hà Nội - Hải Phòng,759638017,760
Đường cao tốc Hà Nội - Hải Phòng,759638018,760
Đường cao tốc Hà Nội - Hải Phòng,759638019,760
Đường cao tốc Hà Nội - Hải Phòng,761986897,760
Đường cao tốc Hà Nội - Hải Phòng,761986898,760
Đường cao tốc Hà Nội - Hải Phòng,761986899,760
Đường cao tốc Hà Nội - Hải Phòng,761986900,760
Đường cao tốc Hà Nội - Hải Phòng,768030720,760
Đường cao tốc Hà Nội - Hải Phòng,768030721,760
Đường cao tốc Hà Nội - Hải Phòng,768030722,760
Đường cao tốc Hà Nội - Hải Phòng,768030723,760
Đường cao tốc Hà Nội - Lào Cai,279796511,630
Đường cao tốc Hà Nội - Lào Cai,297053421,630
Đường cao tốc Hà Nội - Lào Cai,297053423,630
Đường cao tốc Hà Nội - Lào Cai,297054927,630
Đường cao tốc Hà Nội - Lào Cai,297054949,630
Đường cao tốc Hà Nội - Lào Cai,300828940,630
Đường cao tốc Hà Nội - Lào Cai,300828941,630
Đường cao tốc Hà Nội - Lào Cai,300828942,630
Đường cao tốc Hà Nội - Lào Cai,300828943,630
Đường cao tốc Hà Nội - Lào Cai,312365730,630
Đường cao tốc Hà Nội - Lào Cai,313355892,630
Đường cao tốc Hà Nội - Lào Cai,358724590,630
Đường cao tốc Hà Nội - Lào Cai,395665745,630
Đường cao tốc Hà Nội - Lào Cai,395665747,630
Đường cao tốc Hà Nội - Lào Cai,395665750,630
Đường cao tốc Hà Nội - Lào Cai,395665752,630
Đường cao tốc Hà Nội - Lào Cai,395665755,630
Đường cao tốc Hà Nội - Lào Cai,395665757,630
Đường cao tốc Hà Nội - Lào Cai,395665759,630
Đường cao tốc Hà Nội - Lào Cai,395665762,630
Đường cao tốc Hà Nội - Lào Cai,395665764,630
Đường cao tốc Hà Nội - Lào Cai,395665767,630
Đường cao tốc Hà Nội - Lào Cai,395665770,630
Đường cao tốc Hà Nội - Lào Cai,395665772,630
Đường cao tốc Hà Nội - Lào Cai,395665775,630
Đường cao tốc Hà Nội - Lào Cai,395665778,630
Đường cao tốc Hà Nội - Lào Cai,395665780,630
Đường cao tốc Hà Nội - Lào Cai,395665783,630
Đường cao tốc Hà Nội - Lào Cai,395665783,630
Đường cao tốc Hà Nội - Lào Cai,395665784,630
Đường cao tốc Hà Nội - Lào Cai,395665786,630
Đường cao tốc Hà Nội - Lào Cai,395665788,630
Đường cao tốc Hà Nội - Lào Cai,395665789,630
Đường cao tốc Hà Nội - Lào Cai,395665793,630
Đường cao tốc Hà Nội - Lào Cai,395665800,630
Đường cao tốc Hà Nội - Lào Cai,395665809,630
Đường cao tốc Hà Nội - Lào Cai,395665811,630
Đường cao tốc Hà Nội - Lào Cai,395665814,630
Đường cao tốc Hà Nội - Lào Cai,395665816,630
Đường cao tốc Hà Nội - Lào Cai,395665816,630
Đường cao tốc Hà Nội - Lào Cai,395665818,630
Đường cao tốc Hà Nội - Lào Cai,395665820,630
Đường cao tốc Hà Nội - Lào Cai,395665822,630
Đường cao tốc Hà Nội - Lào Cai,395665824,630
Đường cao tốc Hà Nội - Lào Cai,395665826,630
Đường cao tốc Hà Nội - Lào Cai,395665832,630
Đường cao tốc Hà Nội - Lào Cai,395665835,630
Đường cao tốc Hà Nội - Lào Cai,395665835,630
Đường cao tốc Hà Nội - Lào Cai,395665835,630
Đường cao tốc Hà Nội - Lào Cai,395665837,630
Đường cao tốc Hà Nội - Lào Cai,395665842,630
Đường cao tốc Hà Nội - Lào Cai,395665842,630
Đường cao tốc Hà Nội - Lào Cai,395665848,630
Đường cao tốc Hà Nội - Lào Cai,395665850,630
Đường cao tốc Hà Nội - Lào Cai,395665853,630
Đường cao tốc Hà Nội - Lào Cai,395665853,630
Đường cao tốc Hà Nội - Lào Cai,483470430,630
Đường cao tốc Hà Nội - Lào Cai,483470432,630
Đường cao tốc Hà Nội - Lào Cai,483470433,630
Đường cao tốc Hà Nội - Lào Cai,483470434,630
Đường cao tốc Hà Nội - Lào Cai,483470435,630
Đường cao tốc Hà Nội - Lào Cai,483470436,630
Đường cao tốc Hà Nội - Lào Cai,483470437,630
Đường cao tốc Hà Nội - Lào Cai,483470438,630
Đường cao tốc Hà Nội - Lào Cai,488471787,630
Đường cao tốc Hà Nội - Lào Cai,549322651,630
Đường cao tốc Hà Nội - Lào Cai,549322652,630
Đường cao tốc Hà Nội - Lào Cai,550244112,630
Đường cao tốc Hà Nội - Lào Cai,550244113,630
Đường cao tốc Hà Nội - Lào Cai,550244114,630
Đường cao tốc Hà Nội - Lào Cai,550244115,630
Đường cao tốc Hà Nội - Lào Cai,591706031,630
Đường cao tốc Hà Nội - Lào Cai,591706032,630
Đường cao tốc Hà Nội - Lào Cai,591706033,630
Đường cao tốc Hà Nội - Lào Cai,591706034,630
Đường cao tốc Hà Nội - Lào Cai,596051609,630
Đường cao tốc Hà Nội - Lào Cai,596051610,630
Đường cao tốc Hà Nội - Lào Cai,596051611,630
Đường cao tốc Hà Nội - Lào Cai,596051612,630
Đường cao tốc Hà Nội - Lào Cai,631978820,630
Đường cao tốc Hà Nội - Lào Cai,631978821,630
Đường cao tốc Hà Nội - Lào Cai,631978822,630
Đường cao tốc Hà Nội - Lào Cai,631978823,630
Đường cao tốc Hà Nội - Lào Cai,697922682,630
Đường cao tốc Hà Nội - Lào Cai,697922683,630
Đường cao tốc Hà Nội - Lào Cai,697922684,630
Đường cao tốc Hà Nội - Lào Cai,697922686,630
Đường cao tốc Hà Nội - Lào Cai,697922687,630
Đường cao tốc Hà Nội - Lào Cai,697922688,630
Đường cao tốc Hà Nội - Lào Cai,697922689,630
Đường cao tốc Hà Nội - Lào Cai,697922690,630
Đường cao tốc Hà Nội - Lào Cai,697922691,630
Đường cao tốc Hà Nội - Lào Cai,697938947,630
Đường cao tốc Hà Nội - Lào Cai,697938948,630
Đường cao tốc Hà Nội - Lào Cai,697938949,630
Đường cao tốc Hà Nội - Lào Cai,697938950,630
Đường cao tốc Hà Nội - Lào Cai,697938951,630
Đường cao tốc Hà Nội - Lào Cai,697938952,630
Đường cao tốc Hà Nội - Lào Cai,697941009,630
Đường cao tốc Hà Nội - Lào Cai,697941010,630
Đường cao tốc Hà Nội - Lào Cai,697941011,630
Đường cao tốc Hà Nội - Lào Cai,697941012,630
Đường cao tốc Hà Nội - Lào Cai,698938645,630
Đường cao tốc Hà Nội - Lào Cai,698938646,630
Đường cao tốc Hà Nội - Lào Cai,698938647,630
Đường cao tốc Hà Nội - Lào Cai,698938648,630
Đường cao tốc Hà Nội - Lào Cai,698938649,630
Đường cao tốc Hà Nội - Lào Cai,698938650,630
Đường cao tốc Hà Nội - Lào Cai,698938651,630
Đường cao tốc Hà Nội - Lào Cai,698938652,630
Đường cao tốc Hà Nội - Lào Cai,698938652,630
Đường cao tốc Hà Nội - Lào Cai,734741913,630
Đường cao tốc Hà Nội - Lào Cai,734741914,630
Đường cao tốc Hà Nội - Lào Cai,734741915,630
Đường cao tốc Hà Nội - Lào Cai,734741916,630
Đường cao tốc Hà Nội - Lào Cai,734741923,630
Đường cao tốc Hà Nội - Lào Cai,734741924,630
Đường cao tốc Hà Nội - Lào Cai,734741925,630
Đường cao tốc Hà Nội - Lào Cai,734741926,630
Đường cao tốc Hà Nội - Lào Cai,741007481,630
Đường cao tốc Hà Nội - Lào Cai,741007482,630
Đường cao tốc Hà Nội - Lào Cai,741007482,630
Đường cao tốc Hà Nội - Lào Cai,741007483,630
Đường cao tốc Hà Nội - Lào Cai,741007484,630
Đường cao tốc Hà Nội - Lào Cai,741007487,630
Đường cao tốc Hà Nội - Lào Cai,741007488,630
Đường cao tốc Hà Nội - Lào Cai,741007489,630
Đường cao tốc Hà Nội - Lào Cai,741007490,630
Đường cao tốc Hà Nội - Lào Cai,741045586,630
Đường cao tốc Hà Nội - Lào Cai,741045587,630
Đường cao tốc Hà Nội - Lào Cai,741045588,630
Đường cao tốc Hà Nội - Lào Cai,741045589,630
Đường cao tốc Hà Nội - Lào Cai,741045590,630
Đường cao tốc Hà Nội - Lào Cai,741045591,630
Đường cao tốc Hà Nội - Lào Cai,741045592,630
Đường cao tốc Hà Nội - Lào Cai,741045593,630
Đường cao tốc Hà Nội - Lào Cai,741045594,630
Đường cao tốc Hà Nội - Lào Cai,741045595,630
Đường cao tốc Hà Nội - Lào Cai,741045595,630
Đường cao tốc Hà Nội - Lào Cai,741127269,630
Đường cao tốc Hà Nội - Lào Cai,741127270,630
Đường cao tốc Hà Nội - Lào Cai,741127271,630
Đường cao tốc Hà Nội - Lào Cai,741127272,630
Đường cao tốc Hà Nội - Lào Cai,744781443,630
Đường cao tốc Hà Nội - Lào Cai,744781444,630
Đường cao tốc Hà Nội - Lào Cai,744781445,630
Đường cao tốc Hà Nội - Lào Cai,744781446,630
Đường cao tốc Hà Nội - Lào Cai,744782479,630
Đường cao tốc Hà Nội - Lào Cai,744782480,630
Đường cao tốc Hà Nội - Lào Cai,744782481,630
Đường cao tốc Hà Nội - Lào Cai,744782482,630
Đường cao tốc Hà Nội - Lào Cai,744782483,630
Đường cao tốc Hà Nội - Lào Cai,744782484,630
Đường cao tốc Hà Nội - Lào Cai,744782485,630
Đường cao tốc Hà Nội - Lào Cai,744782486,630
Đường cao tốc Hà Nội - Lào Cai,744988374,630
Đường cao tốc Hà Nội - Lào Cai,744988375,630
Đường cao tốc Hà Nội - Lào Cai,744988376,630
Đường cao tốc Hà Nội - Lào Cai,744988377,630
Đường cao tốc Hà Nội - Lào Cai,745013730,630
Đường cao tốc Hà Nội - Lào Cai,745013731,630
Đường cao tốc Hà Nội - Lào Cai,745013732,630
Đường cao tốc Hà Nội - Lào Cai,745013733,630
Đường cao tốc Hà Nội - Lào Cai,772939830,630
Đường cao tốc Hà Nội - Lào Cai,772939831,630
Đường cao tốc Hà Nội - Lào Cai,777469309,630
Đường cao tốc Hà Nội - Lào Cai,777469310,630
Đường cao tốc Hà Nội - Lào Cai,777469311,630
Đường cao tốc Hà Nội - Lào Cai,777469312,630
Đường cao tốc Hà Nội - Lào Cai,777469313,630
Đường cao tốc Hà Nội - Lào Cai,777469314,630
Đường cao tốc Hà Nội - Lào Cai,777469315,630
Đường cao tốc Hà Nội - Lào Cai,777469316,630
Đường cao tốc Hà Nội - Lào Cai,777469317,630
Đường cao tốc Hà Nội - Lào Cai,777469318,630
Đường cao tốc Hà Nội - Lào Cai,777469343,630
Đường cao tốc Hà Nội - Lào Cai,777469344,630
Đường cao tốc Hà Nội - Lào Cai,777469345,630
Đường cao tốc Hà Nội - Lào Cai,777469346,630
Đường cao tốc Hà Nội - Lào Cai,777469347,630
Đường cao tốc Hà Nội - Lào Cai,777469348,630
Đường cao tốc Hà Nội - Lào Cai,779903795,630
Đường cao tốc Hà Nội - Lào Cai,779903796,630
Đường cao tốc Hà Nội - Lào Cai,779903797,630
Đường cao tốc Hà Nội - Lào Cai,779903798,630
Đường cao tốc Hà Nội - Lào Cai,784442094,630
Đường cao tốc Hà Nội - Lào Cai,784442095,630
Đường cao tốc Hà Nội - Lào Cai,784442096,630
Đường cao tốc Hà Nội - Lào Cai,784442097,630
Đường cao tốc Hà Nội – Lạng Sơn,275585930,180
Đường cao tốc Hà Nội – Lạng Sơn,275585937,180
Đường cao tốc Hà Nội – Lạng Sơn,628673736,180
Đường cao tốc Hà Nội – Lạng Sơn,628673741,180
Đường cao tốc Hà Nội – Lạng Sơn,628673742,180
Đường cao tốc Hà Nội – Lạng Sơn,729943093,180
Đường cao tốc Hà Nội – Lạng Sơn,729943094,180
Đường cao tốc Hà Nội – Lạng Sơn,729943095,180
Đường cao tốc Hà Nội – Lạng Sơn,729943096,180
Đường cao tốc Hà Nội – Lạng Sơn,729943110,180
Đường cao tốc Hà Nội – Lạng Sơn,729943111,180
Đường cao tốc Hà Nội – Lạng Sơn,729943112,180
Đường cao tốc Hà Nội – Lạng Sơn,729943113,180
Đường cao tốc Hà Nội – Lạng Sơn,729943118,180
Đường cao tốc Hà Nội – Lạng Sơn,729943119,180
Đường cao tốc Hà Nội – Lạng Sơn,729943120,180
Đường cao tốc Hà Nội – Lạng Sơn,729943121,180
Đường cao tốc Hà Nội – Lạng Sơn,729943122,180
Đường cao tốc Hà Nội – Lạng Sơn,729943123,180
Đường cao tốc Hà Nội – Lạng Sơn,729943124,180
Đường cao tốc Hà Nội – Lạng Sơn,729943125,180
Đường cao tốc Hà Nội – Lạng Sơn,729943126,180
Đường cao tốc Hà Nội – Lạng Sơn,729943127,180
Đường cao tốc Hà Nội – Lạng Sơn,729943128,180
Đường cao tốc Hà Nội – Lạng Sơn,729943129,180
Đường cao tốc Hà Nội – Lạng Sơn,729943130,180
Đường cao tốc Hà Nội – Lạng Sơn,729943131,180
Đường cao tốc Hà Nội – Lạng Sơn,729943132,180
Đường cao tốc Hà Nội – Lạng Sơn,729943133,180
Đường cao tốc Hà Nội – Lạng Sơn,729943134,180
Đường cao tốc Hà Nội – Lạng Sơn,729943135,180
Đường cao tốc Hà Nội – Lạng Sơn,729943136,180
Đường cao tốc Hà Nội – Lạng Sơn,729943137,180
Đường cao tốc Hà Nội – Lạng Sơn,729943138,180
Đường cao tốc Hà Nội – Lạng Sơn,729943139,180
Đường cao tốc Hà Nội – Lạng Sơn,729943140,180
Đường cao tốc Hà Nội – Lạng Sơn,729943150,180
Đường cao tốc Hà Nội – Lạng Sơn,729943151,180
Đường cao tốc Hà Nội – Lạng Sơn,729943152,180
Đường cao tốc Hà Nội – Lạng Sơn,729943153,180
Đường cao tốc Hà Nội – Lạng Sơn,729943154,180
Đường cao tốc Hà Nội – Lạng Sơn,729943155,180
Đường cao tốc Hà Nội – Lạng Sơn,729943156,180
Đường cao tốc Hà Nội – Lạng Sơn,729943157,180
Đường cao tốc Hà Nội – Lạng Sơn,729943158,180
Đường cao tốc Hà Nội – Lạng Sơn,729943159,180
Đường cao tốc Hà Nội – Lạng Sơn,729943160,180
Đường cao tốc Hà Nội – Lạng Sơn,729943161,180
Đường cao tốc Hà Nội – Lạng Sơn,729943162,180
Đường cao tốc Hà Nội – Lạng Sơn,729943163,180
Đường cao tốc Hà Nội – Lạng Sơn,729943164,180
Đường cao tốc Hà Nội – Lạng Sơn,729943165,180
Đường cao tốc Hà Nội – Lạng Sơn,729943166,180
Đường cao tốc Hà Nội – Lạng Sơn,729943167,180
Đường cao tốc Hà Nội – Lạng Sơn,729943168,180
Đường cao tốc Hà Nội – Lạng Sơn,729943169,180
Đường cao tốc Hà Nội – Lạng Sơn,729943170,180
Đường cao tốc Hà Nội – Lạng Sơn,729943171,180
Đường cao tốc Hà Nội – Lạng Sơn,729943172,180
Đường cao tốc Hà Nội – Lạng Sơn,729943181,180
Đường cao tốc Hà Nội – Lạng Sơn,729943182,180
Đường cao tốc Hà Nội – Lạng Sơn,729943183,180
Đường cao tốc Hà Nội – Lạng Sơn,729943184,180
Đường cao tốc Hà Nội – Lạng Sơn,729943185,180
Đường cao tốc Hà Nội – Lạng Sơn,729943186,180
Đường cao tốc Hà Nội – Lạng Sơn,729943187,180
Đường cao tốc Hà Nội – Lạng Sơn,729943188,180
Đường cao tốc Hà Nội – Lạng Sơn,729943189,180
Đường cao tốc Hà Nội – Lạng Sơn,729943190,180
Đường cao tốc Hà Nội – Lạng Sơn,729943200,180
Đường cao tốc Hà Nội – Lạng Sơn,729943201,180
Đường cao tốc Hà Nội – Lạng Sơn,729943202,180
Đường cao tốc Hà Nội – Lạng Sơn,729943203,180
Đường cao tốc Hà Nội – Lạng Sơn,729943212,180
Đường cao tốc Hà Nội – Lạng Sơn,729943213,180
Đường cao tốc Hà Nội – Lạng Sơn,729943214,180
Đường cao tốc Hà Nội – Lạng Sơn,729943215,180
Đường cao tốc Hà Nội – Lạng Sơn,729943216,180
Đường cao tốc Hà Nội – Lạng Sơn,729943217,180
Đường cao tốc Hà Nội – Lạng Sơn,729943218,180
Đường cao tốc Hà Nội – Lạng Sơn,729943219,180
Đường cao tốc Hà Nội – Lạng Sơn,729943221,180
Đường cao tốc Hà Nội – Lạng Sơn,729943222,180
Đường cao tốc Hà Nội – Lạng Sơn,729943223,180
Đường cao tốc Hà Nội – Lạng Sơn,729943224,180
Đường cao tốc Hà Nội – Lạng Sơn,729943233,180
Đường cao tốc Hà Nội – Lạng Sơn,729943278,180
Đường cao tốc Hà Nội – Lạng Sơn,729943303,180
Đường cao tốc Ninh Bình - Hải Phòng - Quảng Ninh,489509754,435
Đường cao tốc Ninh Bình - Hải Phòng - Quảng Ninh,489509755,435
Đường cao tốc Ninh Bình - Hải Phòng - Quảng Ninh,489509758,435
Đường cao tốc Ninh Bình - Hải Phòng - Quảng Ninh,489509761,435
Đường cao tốc Ninh Bình - Hải Phòng - Quảng Ninh,489509761,435
Đường cao tốc Ninh Bình - Hải Phòng - Quảng Ninh,490427314,435
Đường cao tốc Ninh Bình - Hải Phòng - Quảng Ninh,490427316,435
Đường cao tốc Ninh Bình - Hải Phòng - Quảng Ninh,490427317,435
Đường cao tốc Ninh Bình - Hải Phòng - Quảng Ninh,490427319,435
Đường cao tốc Ninh Bình - Hải Phòng - Quảng Ninh,490427322,435
Đường cao tốc Ninh Bình - Hải Phòng - Quảng Ninh,490427327,435
Đường cao tốc Ninh Bình - Hải Phòng - Quảng Ninh,490427330,435
Đường cao tốc Ninh Bình - Hải Phòng - Quảng Ninh,490427334,435
Đường cao tốc Ninh Bình - Hải Phòng - Quảng Ninh,490427337,435
Đường cao tốc Ninh Bình - Hải Phòng - Quảng Ninh,490427339,435
Đường cao tốc Ninh Bình - Hải Phòng - Quảng Ninh,490427340,435
Đường cao tốc Ninh Bình - Hải Phòng - Quảng Ninh,490427342,435
Đường cao tốc Ninh Bình - Hải Phòng - Quảng Ninh,490427344,435
Đường cao tốc Ninh Bình - Hải Phòng - Quảng Ninh,490427345,435
Đường cao tốc Ninh Bình - Hải Phòng - Quảng Ninh,587323561,435
Đường cao tốc Ninh Bình - Hải Phòng - Quảng Ninh,587323564,435
Đường cao tốc Ninh Bình - Hải Phòng - Quảng Ninh,587323567,435
Đường cao tốc Ninh Bình - Hải Phòng - Quảng Ninh,587323569,435
Đường cao tốc Ninh Bình - Hải Phòng - Quảng Ninh,587323572,435
Đường cao tốc Ninh Bình - Hải Phòng - Quảng Ninh,587323575,435
Đường cao tốc Ninh Bình - Hải Phòng - Quảng Ninh,587323624,435
Đường cao tốc Ninh Bình - Hải Phòng - Quảng Ninh,587323625,435
Đường cao tốc Ninh Bình - Hải Phòng - Quảng Ninh,587323626,435
Đường cao tốc Ninh Bình - Hải Phòng - Quảng Ninh,587323627,435
Đường cao tốc Ninh Bình - Hải Phòng - Quảng Ninh,587323628,435
Đường cao tốc Ninh Bình - Hải Phòng - Quảng Ninh,587323629,435
Đường cao tốc Ninh Bình - Hải Phòng - Quảng Ninh,587323630,435
Đường cao tốc Ninh Bình - Hải Phòng - Quảng Ninh,587323631,435
Đường cao tốc Ninh Bình - Hải Phòng - Quảng Ninh,587323632,435
Đường cao tốc Ninh Bình - Hải Phòng - Quảng Ninh,587323633,435
Đường cao tốc Ninh Bình - Hải Phòng - Quảng Ninh,587323634,435
Đường cao tốc Ninh Bình - Hải Phòng - Quảng Ninh,587323635,435
Đường cao tốc Ninh Bình - Hải Phòng - Quảng Ninh,587323636,435
Đường cao tốc Ninh Bình - Hải Phòng - Quảng Ninh,587323638,435
Đường cao tốc Ninh Bình - Hải Phòng - Quảng Ninh,587323639,435
Đường cao tốc Ninh Bình - Hải Phòng - Quảng Ninh,587323640,435
Đường cao tốc Ninh Bình - Hải Phòng - Quảng Ninh,587323643,435
Đường cao tốc Ninh Bình - Hải Phòng - Quảng Ninh,587323645,435
Đường cao tốc Ninh Bình - Hải Phòng - Quảng Ninh,587323646,435
Đường cao tốc Ninh Bình - Hải Phòng - Quảng Ninh,587323647,435
Đường cao tốc Ninh Bình - Hải Phòng - Quảng Ninh,587323648,435
Đường cao tốc Ninh Bình - Hải Phòng - Quảng Ninh,587323649,435
Đường cao tốc Ninh Bình - Hải Phòng - Quảng Ninh,587323650,435
Đường cao tốc Ninh Bình - Hải Phòng - Quảng Ninh,587323651,435
Đường cao tốc Ninh Bình - Hải Phòng - Quảng Ninh,587323652,435
Đường cao tốc Ninh Bình - Hải Phòng - Quảng Ninh,587323653,435
Đường cao tốc Ninh Bình - Hải Phòng - Quảng Ninh,587323654,435
Đường cao tốc Ninh Bình - Hải Phòng - Quảng Ninh,587323655,435
Đường cao tốc Ninh Bình - Hải Phòng - Quảng Ninh,587323656,435
Đường cao tốc Ninh Bình - Hải Phòng - Quảng Ninh,587323657,435
Đường cao tốc Ninh Bình - Hải Phòng - Quảng Ninh,627995366,435
Đường cao tốc Ninh Bình - Hải Phòng - Quảng Ninh,627995367,435
Đường cao tốc Ninh Bình - Hải Phòng - Quảng Ninh,633663057,435
Đường cao tốc Ninh Bình - Hải Phòng - Quảng Ninh,633663058,435
Đường cao tốc Ninh Bình - Hải Phòng - Quảng Ninh,633663059,435
Đường cao tốc Ninh Bình - Hải Phòng - Quảng Ninh,633663060,435
Đường cao tốc Ninh Bình - Hải Phòng - Quảng Ninh,664651990,435
Đường cao tốc Ninh Bình - Hải Phòng - Quảng Ninh,664651991,435
Đường cao tốc Ninh Bình - Hải Phòng - Quảng Ninh,664651992,435
Đường cao tốc Ninh Bình - Hải Phòng - Quảng Ninh,664651993,435
Đường cao tốc Ninh Bình - Hải Phòng - Quảng Ninh,664651995,435
Đường cao tốc Ninh Bình - Hải Phòng - Quảng Ninh,664651996,435
Đường cao tốc Ninh Bình - Hải Phòng - Quảng Ninh,664651998,435
Đường cao tốc Ninh Bình - Hải Phòng - Quảng Ninh,664651999,435
Đường cao tốc Ninh Bình - Hải Phòng - Quảng Ninh,664652000,435
Đường cao tốc Ninh Bình - Hải Phòng - Quảng Ninh,664652001,435
Đường cao tốc Ninh Bình - Hải Phòng - Quảng Ninh,664652002,435
Đường cao tốc Ninh Bình - Hải Phòng - Quảng Ninh,664652003,435
Đường cao tốc Ninh Bình - Hải Phòng - Quảng Ninh,664652004,435
Đường cao tốc Ninh Bình - Hải Phòng - Quảng Ninh,664652005,435
Đường cao tốc Ninh Bình - Hải Phòng - Quảng Ninh,664652083,435
Đường cao tốc Ninh Bình - Hải Phòng - Quảng Ninh,664652084,435
Đường cao tốc Ninh Bình - Hải Phòng - Quảng Ninh,664652085,435
Đường cao tốc Ninh Bình - Hải Phòng - Quảng Ninh,664652086,435
Đường cao tốc Ninh Bình - Hải Phòng - Quảng Ninh,664652168,435
Đường cao tốc Ninh Bình - Hải Phòng - Quảng Ninh,664652169,435
Đường cao tốc Ninh Bình - Hải Phòng - Quảng Ninh,664652170,435
Đường cao tốc Ninh Bình - Hải Phòng - Quảng Ninh,664652171,435
Đường cao tốc Ninh Bình - Hải Phòng - Quảng Ninh,664652176,435
Đường cao tốc Ninh Bình - Hải Phòng - Quảng Ninh,664652177,435
Đường cao tốc Ninh Bình - Hải Phòng - Quảng Ninh,664652181,435
Đường cao tốc Ninh Bình - Hải Phòng - Quảng Ninh,664652182,435
Đường cao tốc Ninh Bình - Hải Phòng - Quảng Ninh,664652183,435
Đường cao tốc Ninh Bình - Hải Phòng - Quảng Ninh,664652184,435
Đường cao tốc Ninh Bình - Hải Phòng - Quảng Ninh,664652189,435
Đường cao tốc Ninh Bình - Hải Phòng - Quảng Ninh,664652190,435
Đường cao tốc Ninh Bình - Hải Phòng - Quảng Ninh,664652191,435
Đường cao tốc Ninh Bình - Hải Phòng - Quảng Ninh,664652192,435
Đường cao tốc Ninh Bình - Hải Phòng - Quảng Ninh,664652203,435
Đường cao tốc Ninh Bình - Hải Phòng - Quảng Ninh,664652204,435
Đường cao tốc Ninh Bình - Hải Phòng - Quảng Ninh,664652205,435
Đường cao tốc Ninh Bình - Hải Phòng - Quảng Ninh,664652206,435
Đường cao tốc Ninh Bình - Hải Phòng - Quảng Ninh,664652207,435
Đường cao tốc Ninh Bình - Hải Phòng - Quảng Ninh,664652208,435
Đường cao tốc Ninh Bình - Hải Phòng - Quảng Ninh,664652209,435
Đường cao tốc Ninh Bình - Hải Phòng - Quảng Ninh,664652210,435
Đường cao tốc Ninh Bình - Hải Phòng - Quảng Ninh,664652214,435
Đường cao tốc Ninh Bình - Hải Phòng - Quảng Ninh,664652215,435
Đường cao tốc Ninh Bình - Hải Phòng - Quảng Ninh,664652216,435
Đường cao tốc Ninh Bình - Hải Phòng - Quảng Ninh,664652217,435
Đường cao tốc Ninh Bình - Hải Phòng - Quảng Ninh,664652226,435
Đường cao tốc Ninh Bình - Hải Phòng - Quảng Ninh,664652227,435
Đường cao tốc Ninh Bình - Hải Phòng - Quảng Ninh,664652228,435
Đường cao tốc Ninh Bình - Hải Phòng - Quảng Ninh,664652229,435
Đường cao tốc Ninh Bình - Hải Phòng - Quảng Ninh,664652230,435
Đường cao tốc Ninh Bình - Hải Phòng - Quảng Ninh,664652231,435
Đường cao tốc Ninh Bình - Hải Phòng - Quảng Ninh,664652232,435
Đường cao tốc Ninh Bình - Hải Phòng - Quảng Ninh,664652233,435
Đường cao tốc Ninh Bình - Hải Phòng - Quảng Ninh,664652234,435
Đường cao tốc Ninh Bình - Hải Phòng - Quảng Ninh,664652235,435
Đường cao tốc Ninh Bình - Hải Phòng - Quảng Ninh,664652236,435
Đường cao tốc Ninh Bình - Hải Phòng - Quảng Ninh,664652237,435
Đường cao tốc Ninh Bình - Hải Phòng - Quảng Ninh,664652241,435
Đường cao tốc Ninh Bình - Hải Phòng - Quảng Ninh,664652242,435
Đường cao tốc Ninh Bình - Hải Phòng - Quảng Ninh,664652243,435
Đường cao tốc Ninh Bình - Hải Phòng - Quảng Ninh,664652244,435
Đường cao tốc Ninh Bình - Hải Phòng - Quảng Ninh,664652245,435
Đường cao tốc Ninh Bình - Hải Phòng - Quảng Ninh,664652246,435
Đường cao tốc Ninh Bình - Hải Phòng - Quảng Ninh,664652247,435
Đường cao tốc Ninh Bình - Hải Phòng - Quảng Ninh,664652248,435
Đường cao tốc Ninh Bình - Hải Phòng - Quảng Ninh,664652253,435
Đường cao tốc Ninh Bình - Hải Phòng - Quảng Ninh,664652254,435
Đường cao tốc Ninh Bình - Hải Phòng - Quảng Ninh,664652255,435
Đường cao tốc Ninh Bình - Hải Phòng - Quảng Ninh,664652256,435
Đường cao tốc Ninh Bình - Hải Phòng - Quảng Ninh,664652257,435
Đường cao tốc Ninh Bình - Hải Phòng - Quảng Ninh,664652258,435
Đường cao tốc Ninh Bình - Hải Phòng - Quảng Ninh,664652259,435
Đường cao tốc Ninh Bình - Hải Phòng - Quảng Ninh,664652260,435
Đường cao tốc Ninh Bình - Hải Phòng - Quảng Ninh,664652261,435
Đường cao tốc Ninh Bình - Hải Phòng - Quảng Ninh,664652262,435
Đường cao tốc Ninh Bình - Hải Phòng - Quảng Ninh,664652263,435
Đường cao tốc Ninh Bình - Hải Phòng - Quảng Ninh,664652264,435
Đường cao tốc Ninh Bình - Hải Phòng - Quảng Ninh,664652267,435
Đường cao tốc Ninh Bình - Hải Phòng - Quảng Ninh,664652268,435
Đường cao tốc Ninh Bình - Hải Phòng - Quảng Ninh,664652269,435
Đường cao tốc Ninh Bình - Hải Phòng - Quảng Ninh,664652270,435
Đường cao tốc Ninh Bình - Hải Phòng - Quảng Ninh,664652280,435
Đường cao tốc Ninh Bình - Hải Phòng - Quảng Ninh,664652281,435
Đường cao tốc Ninh Bình - Hải Phòng - Quảng Ninh,664652282,435
Đường cao tốc Ninh Bình - Hải Phòng - Quảng Ninh,664652283,435
Đường cao tốc Ninh Bình - Hải Phòng - Quảng Ninh,664652284,435
Đường cao tốc Ninh Bình - Hải Phòng - Quảng Ninh,664652285,435
Đường cao tốc Ninh Bình - Hải Phòng - Quảng Ninh,664652286,435
Đường cao tốc Ninh Bình - Hải Phòng - Quảng Ninh,664652287,435
Đường cao tốc Ninh Bình - Hải Phòng - Quảng Ninh,664652295,435
Đường cao tốc Ninh Bình - Hải Phòng - Quảng Ninh,664652296,435
Đường cao tốc Ninh Bình - Hải Phòng - Quảng Ninh,664652297,435
Đường cao tốc Ninh Bình - Hải Phòng - Quảng Ninh,664652298,435
Đường cao tốc Ninh Bình - Hải Phòng - Quảng Ninh,664652299,435
Đường cao tốc Ninh Bình - Hải Phòng - Quảng Ninh,664652300,435
Đường cao tốc Ninh Bình - Hải Phòng - Quảng Ninh,664652301,435
Đường cao tốc Ninh Bình - Hải Phòng - Quảng Ninh,664652302,435
Đường cao tốc Ninh Bình - Hải Phòng - Quảng Ninh,664652334,435
Đường cao tốc Ninh Bình - Hải Phòng - Quảng Ninh,664652340,435
Đường cao tốc Ninh Bình - Hải Phòng - Quảng Ninh,664652341,435
Đường cao tốc Ninh Bình - Hải Phòng - Quảng Ninh,664652342,435
Đường cao tốc Ninh Bình - Hải Phòng - Quảng Ninh,664652343,435
Đường cao tốc Ninh Bình - Hải Phòng - Quảng Ninh,664652344,435
Đường cao tốc Ninh Bình - Hải Phòng - Quảng Ninh,664652345,435
Đường cao tốc Ninh Bình - Hải Phòng - Quảng Ninh,664652346,435
Đường cao tốc Ninh Bình - Hải Phòng - Quảng Ninh,664652347,435
Đường cao tốc Ninh Bình - Hải Phòng - Quảng Ninh,664652400,435
Đường cao tốc Ninh Bình - Hải Phòng - Quảng Ninh,664652401,435
Đường cao tốc Ninh Bình - Hải Phòng - Quảng Ninh,664652411,435
Đường cao tốc Ninh Bình - Hải Phòng - Quảng Ninh,664652412,435
Đường cao tốc Ninh Bình - Hải Phòng - Quảng Ninh,664652413,435
Đường cao tốc Ninh Bình - Hải Phòng - Quảng Ninh,664652413,435
Đường cao tốc Ninh Bình - Hải Phòng - Quảng Ninh,664652414,435
Đường cao tốc Ninh Bình - Hải Phòng - Quảng Ninh,664652414,435
Đường cao tốc Ninh Bình - Hải Phòng - Quảng Ninh,718873366,435
Đường cao tốc Ninh Bình - Hải Phòng - Quảng Ninh,718873367,435
Đường cao tốc Ninh Bình - Hải Phòng - Quảng Ninh,718873368,435
Đường cao tốc Ninh Bình - Hải Phòng - Quảng Ninh,718873369,435
Đường cao tốc Ninh Bình - Hải Phòng - Quảng Ninh,746681602,435
Đường cao tốc Ninh Bình - Hải Phòng - Quảng Ninh,746681603,435
Đường cao tốc Ninh Bình - Hải Phòng - Quảng Ninh,752537460,435
Đường cao tốc Ninh Bình - Hải Phòng - Quảng Ninh,752537461,435
Đường cao tốc Ninh Bình - Hải Phòng - Quảng Ninh,752537462,435
Đường cao tốc Ninh Bình - Hải Phòng - Quảng Ninh,752537463,435
Đường cao tốc Ninh Bình - Hải Phòng - Quảng Ninh,752864423,435
Đường cao tốc Ninh Bình - Hải Phòng - Quảng Ninh,752864425,435
Đường cao tốc Ninh Bình - Hải Phòng - Quảng Ninh,752864426,435
Đường cao tốc Pháp Vân - Cầu Giẽ,37372076,180
Đường cao tốc Pháp Vân - Cầu Giẽ,37372172,180
Đường cao tốc Pháp Vân - Cầu Giẽ,37372174,180
Đường cao tốc Pháp Vân - Cầu Giẽ,37372175,180
Đường cao tốc Pháp Vân - Cầu Giẽ,37372176,180
Đường cao tốc Pháp Vân - Cầu Giẽ,37372178,180
Đường cao tốc Pháp Vân - Cầu Giẽ,37372179,180
Đường cao tốc Pháp Vân - Cầu Giẽ,251790793,180
Đường cao tốc Pháp Vân - Cầu Giẽ,251790793,180
Đường cao tốc Pháp Vân - Cầu Giẽ,251790794,180
Đường cao tốc Pháp Vân - Cầu Giẽ,488236469,180
Đường cao tốc Pháp Vân - Cầu Giẽ,488236470,180
Đường cao tốc Pháp Vân - Cầu Giẽ,488236471,180
Đường cao tốc Pháp Vân - Cầu Giẽ,488236472,180
Đường cao tốc Pháp Vân - Cầu Giẽ,600501670,180
Đường cao tốc Pháp Vân - Cầu Giẽ,600501671,180
Đường cao tốc Pháp Vân - Cầu Giẽ,600501673,180
Đường cao tốc Pháp Vân - Cầu Giẽ,601447097,180
Đường cao tốc Pháp Vân - Cầu Giẽ,601447098,180
Đường cao tốc Pháp Vân - Cầu Giẽ,601555532,180
Đường cao tốc Pháp Vân - Cầu Giẽ,601555533,180
Đường cao tốc Pháp Vân - Cầu Giẽ,601555534,180
Đường cao tốc Pháp Vân - Cầu Giẽ,601555536,180
Đường cao tốc Pháp Vân - Cầu Giẽ,631395834,180
Đường cao tốc Pháp Vân - Cầu Giẽ,631395840,180
Đường cao tốc Pháp Vân - Cầu Giẽ,631395845,180
Đường cao tốc Pháp Vân - Cầu Giẽ,631395851,180
Đường cao tốc Pháp Vân - Cầu Giẽ,669662004,180
Đường cao tốc Pháp Vân - Cầu Giẽ,669662005,180
Đường cao tốc Pháp Vân - Cầu Giẽ,669662005,180
Đường cao tốc Pháp Vân - Cầu Giẽ,669662006,180
Đường cao tốc Pháp Vân - Cầu Giẽ,669662007,180
Đường cao tốc Pháp Vân - Cầu Giẽ,684430382,180
Đường cao tốc Pháp Vân - Cầu Giẽ,684430383,180
Đường cao tốc Pháp Vân - Cầu Giẽ,684430384,180
Đường cao tốc Pháp Vân - Cầu Giẽ,684430386,180
Đường cao tốc Pháp Vân - Cầu Giẽ,707860086,180
Đường cao tốc Pháp Vân - Cầu Giẽ,707860087,180
Đường cao tốc Pháp Vân - Cầu Giẽ,707860088,180
Đường cao tốc Pháp Vân - Cầu Giẽ,707860089,180
Đường cao tốc Pháp Vân - Cầu Giẽ,707860090,180
Đường cao tốc Pháp Vân - Cầu Giẽ,707860091,180
Đường cao tốc Pháp Vân - Cầu Giẽ,707860092,180
Đường cao tốc Pháp Vân - Cầu Giẽ,707860093,180
Đường cao tốc Pháp Vân - Cầu Giẽ,707860094,180
Đường cao tốc Pháp Vân - Cầu Giẽ,707860095,180
Đường cao tốc Pháp Vân - Cầu Giẽ,707860096,180
Đường cao tốc Pháp Vân - Cầu Giẽ,707860097,180
Đường cao tốc Pháp Vân - Cầu Giẽ,707883675,180
Đường cao tốc Pháp Vân - Cầu Giẽ,707883676,180
Đường cao tốc Pháp Vân - Cầu Giẽ,707883677,180
